name,leisure,tourism,amenity,historic,natural,lon,lat
百年鼎,,,,monument,,118.7742741,32.0573692
德国研究图书馆,,,library,,,118.7745951,32.058776
,,viewpoint,,,,118.7787273,32.0574601
金陵大学难民收容所及遇难同胞纪念碑,,,,memorial,,118.7715763,32.057819
校史博物馆,,museum,,,,118.77612745,32.0567147
南京大学图书馆（鼓楼）,,,library,,,118.7761614459375,32.05646365
,pitch,,,,,118.77313105,32.0584408
何应钦公馆旧址,,,,ruins,,118.77484850620982,32.056893
鼓楼公园,park,,,,,118.77682635107664,32.060744650000004
,pitch,,,,,118.77601861800572,32.052564950000004
,pitch,,,,,118.77687267937159,32.052575250000004
南园喷水池,,,fountain,,water,118.77552739334763,32.0548893
革命烈士纪念碑,,,,memorial,,118.77497089765087,32.058433199999996
鼓楼,,attraction,,,,118.77683025,32.0607288
赛珍珠故居,,museum,,,,118.77307255,32.05722565
,pitch,,,,,118.77370125337913,32.05896625
排球场,pitch,,,,,118.77437705,32.058643700000005
拉贝故居,,museum,,,,118.77808165,32.052690150000004
,pitch,,,,,118.7699087,32.060222
门球场,pitch,,,,,118.77429000000001,32.0592063
,pitch,,,,,118.7740005,32.054351600000004
,pitch,,,,,118.7746202,32.05344075
,pitch,,,,,118.76883964999999,32.0534851
,pitch,,,,,118.77244721738859,32.0542913
,pitch,,,,,118.77416475278724,32.054174849999995
,pitch,,,,,118.77301264840261,32.059411100000005
南京大学丛葬地,,,,grave,,118.77157629999999,32.05782525
