name,leisure,amenity,natural,lon,lat
梅岭,,,peak,118.9522249,32.1204
南雍山,,,peak,118.9559068,32.1240629
,,,peak,118.951483,32.1271003
,,,peak,118.9519164,32.127652
,,,peak,118.9539283,32.1288226
恩玲剧场,,theatre,,118.9531826,32.1158498
张心瑜剧场,,theatre,,118.9521715,32.1161562
黑匣子剧场,,theatre,,118.9528605,32.1160872
,pitch,,,118.95222489307224,32.11403315
杜厦图书馆,,library,,118.95538700187424,32.11630795
,pitch,,,118.9513836069707,32.1137227
,,,water,118.94993115374211,32.11803115
,pitch,,,118.94920943788973,32.118207999999996
,pitch,,,118.9552871,32.1177108
,pitch,,,118.95439710198731,32.11758835
,,,water,118.94134434905675,32.12017365
,pitch,,,118.95269558934632,32.11403315
,pitch,,,118.95164625116517,32.11319105
斯篮博室内球场,pitch,,,118.94898832492007,32.11865875
,garden,,,118.95167085542613,32.11515705
仙林校区第二体育场,pitch,,,118.94793980369286,32.12261839999999
,pitch,,,118.94642830145227,32.12297135
人工草皮足球场,pitch,,,118.94648800248562,32.12184395
,pitch,,,118.94640685239845,32.12226885
沙滩排球场,pitch,,,118.94635809773361,32.122563299999996
,common,,,118.95722001635254,32.113824550000004
二源广场,common,,,118.95524065393116,32.1148363
,garden,,,118.94796244047387,32.119324
香雪海,park,,,118.94869177967561,32.120944800000004
,common,,,118.95049998657723,32.1135793
菜根潭,,,water,118.9514301352611,32.11639865
,common,,,118.95122904219602,32.112337600000004
,common,,,118.95271055,32.11251355
藜照湖,,,water,118.9561012154368,32.11621235
,pitch,,,118.94797814808447,32.12264975
,common,,,118.95014115643939,32.120592
,garden,,,118.94884355602025,32.1195691
,pitch,,,118.96150955,32.11751405
,pitch,,,118.96137987408879,32.11695445
,pitch,,,118.96157730040738,32.116953800000005
,pitch,,,118.96176995063828,32.116952749999996
,pitch,,,118.96157374772694,32.116626249999996
,pitch,,,118.96176643037637,32.116625299999995
,pitch,,,118.96176065053933,32.116286849999995
九乡河生态公园,park,,,118.94604508459133,32.1155111
紫云海,garden,,,118.9542246335657,32.1230605
,,,water,118.95114891066324,32.1235488
,,,water,118.94912504999999,32.1233776
,,,water,118.96132961078185,32.115627
,pitch,,,118.9549979,32.127969300000004
,pitch,,,118.9533487,32.12720775
,pitch,,,118.95772579999999,32.12646075
啓園,garden,,,118.95474180578351,32.11834505
,pitch,,,118.95998888838538,32.11095175
,pitch,,,118.95979794955772,32.110808649999996
和园北沟,,,water,118.95173393615036,32.110261550000004
,,,water,118.94826323942675,32.11276185
,,,water,118.9449851830586,32.116189750000004
,,,water,118.94971100944022,32.1290736
,common,,,118.95461347076272,32.114649799999995
